{
 "name": "flare",
 "children": [
  {
   "name": "scale",
   "children": [
    {"name": "IScaleMap", "value": 2105},
    {"name": "LinearScale", "value": 1316},
    {"name": "LogScale", "value": 3151},
    {"name": "OrdinalScale", "value": 3770},
    {"name": "QuantileScale", "value": 2435},
    {"name": "QuantitativeScale", "value": 4839},
    {"name": "RootScale", "value": 1756},
    {"name": "Scale", "value": 4268},
    {"name": "ScaleType", "value": 1821},
    {"name": "TimeScale", "value": 5833}
   ]
  }
 ]
}
